Entity,Day,"Daily new confirmed cases of COVID-19 per million people (rolling 7-day average, right-aligned)"
Low-income countries,2020-01-09,0.0
Low-income countries,2020-01-10,0.0
Low-income countries,2020-01-11,0.0
Low-income countries,2020-01-12,0.0
Low-income countries,2020-01-13,0.0
Low-income countries,2020-01-14,0.0
Low-income countries,2020-01-15,0.0
Low-income countries,2020-01-16,0.0
Low-income countries,2020-01-17,0.0
Low-income countries,2020-01-18,0.0
Low-income countries,2020-01-19,0.0
Low-income countries,2020-01-20,0.0
Low-income countries,2020-01-21,0.0
Low-income countries,2020-01-22,0.0
Low-income countries,2020-01-23,0.0
Low-income countries,2020-01-24,0.0
Low-income countries,2020-01-25,0.0
Low-income countries,2020-01-26,0.0
Low-income countries,2020-01-27,0.0
Low-income countries,2020-01-28,0.0
Low-income countries,2020-01-29,0.0
Low-income countries,2020-01-30,0.0
Low-income countries,2020-01-31,0.0
Low-income countries,2020-02-01,0.0
Low-income countries,2020-02-02,0.0
Low-income countries,2020-02-03,0.0
Low-income countries,2020-02-04,0.0
Low-income countries,2020-02-05,0.0
Low-income countries,2020-02-06,0.0
Low-income countries,2020-02-07,0.0
Low-income countries,2020-02-08,0.0
Low-income countries,2020-02-09,0.0
Low-income countries,2020-02-10,0.0
Low-income countries,2020-02-11,0.0
Low-income countries,2020-02-12,0.0
Low-income countries,2020-02-13,0.0
Low-income countries,2020-02-14,0.0
Low-income countries,2020-02-15,0.0
Low-income countries,2020-02-16,0.0
Low-income countries,2020-02-17,0.0
Low-income countries,2020-02-18,0.0
Low-income countries,2020-02-19,0.0
Low-income countries,2020-02-20,0.0
Low-income countries,2020-02-21,0.0
Low-income countries,2020-02-22,0.0
Low-income countries,2020-02-23,0.0
Low-income countries,2020-02-24,0.0
Low-income countries,2020-02-25,0.0
Low-income countries,2020-02-26,0.00019928017
Low-income countries,2020-02-27,0.00019928017
Low-income countries,2020-02-28,0.00019928017
Low-income countries,2020-02-29,0.00019928017
Low-income countries,2020-03-01,0.00019928017
Low-income countries,2020-03-02,0.00019928017
Low-income countries,2020-03-03,0.00019928017
Low-income countries,2020-03-04,0.0
Low-income countries,2020-03-05,0.0
Low-income countries,2020-03-06,0.00019928017
Low-income countries,2020-03-07,0.00019928017
Low-income countries,2020-03-08,0.00019928017
Low-income countries,2020-03-09,0.0007971207
Low-income countries,2020-03-10,0.0013949613
Low-income countries,2020-03-11,0.0017935216
Low-income countries,2020-03-12,0.002391362
Low-income countries,2020-03-13,0.0025906423
Low-income countries,2020-03-14,0.0037863234
Low-income countries,2020-03-15,0.0041848836
Low-income countries,2020-03-16,0.0073733665
Low-income countries,2020-03-17,0.010362569
Low-income countries,2020-03-18,0.013750332
Low-income countries,2020-03-19,0.016739534
Low-income countries,2020-03-20,0.02152226
Low-income countries,2020-03-21,0.027500665
Low-income countries,2020-03-22,0.033279788
Low-income countries,2020-03-23,0.039457474
Low-income countries,2020-03-24,0.051215004
Low-income countries,2020-03-25,0.057990532
Low-income countries,2020-03-26,0.06576246
Low-income countries,2020-03-27,0.06695814
Low-income countries,2020-03-28,0.08250199
Low-income countries,2020-03-29,0.08967608
Low-income countries,2020-03-30,0.099440806
Low-income countries,2020-03-31,0.099042244
Low-income countries,2020-04-01,0.115781784
Low-income countries,2020-04-02,0.12474939
Low-income countries,2020-04-03,0.13092707
Low-income countries,2020-04-04,0.14188749
Low-income countries,2020-04-05,0.15205078
Low-income countries,2020-04-06,0.1697867
Low-income countries,2020-04-07,0.18134496
Low-income countries,2020-04-08,0.18752265
Low-income countries,2020-04-09,0.20466074
Low-income countries,2020-04-10,0.2160197
Low-income countries,2020-04-11,0.2281758
Low-income countries,2020-04-12,0.23574844
Low-income countries,2020-04-13,0.22179884
Low-income countries,2020-04-14,0.2251866
Low-income countries,2020-04-15,0.22538587
Low-income countries,2020-04-16,0.22299452
Low-income countries,2020-04-17,0.22957076
Low-income countries,2020-04-18,0.22239667
Low-income countries,2020-04-19,0.23375565
Low-income countries,2020-04-20,0.23056716
Low-income countries,2020-04-21,0.25049517
Low-income countries,2020-04-22,0.2453139
Low-income countries,2020-04-23,0.25288653
Low-income countries,2020-04-24,0.267434
Low-income countries,2020-04-25,0.2644448
Low-income countries,2020-04-26,0.2865649
Low-income countries,2020-04-27,0.32901156
Low-income countries,2020-04-28,0.3306058
Low-income countries,2020-04-29,0.37265393
Low-income countries,2020-04-30,0.42785454
Low-income countries,2020-05-01,0.47089905
Low-income countries,2020-05-02,0.5320781
Low-income countries,2020-05-03,0.52629894
Low-income countries,2020-05-04,0.5577852
Low-income countries,2020-05-05,0.56296647
Low-income countries,2020-05-06,0.56854635
Low-income countries,2020-05-07,0.729764
Low-income countries,2020-05-08,0.7568661
Low-income countries,2020-05-09,0.7953272
Low-income countries,2020-05-10,0.8162516
Low-income countries,2020-05-11,0.9338269
Low-income countries,2020-05-12,1.0490109
Low-income countries,2020-05-13,1.110987
Low-income countries,2020-05-14,1.00218
Low-income countries,2020-05-15,1.0781057
Low-income countries,2020-05-16,1.0844827
Low-income countries,2020-05-17,1.2441062
Low-income countries,2020-05-18,1.2466968
Low-income countries,2020-05-19,1.2199932
Low-income countries,2020-05-20,1.2692155
Low-income countries,2020-05-21,1.4186755
Low-income countries,2020-05-22,1.418277
Low-income countries,2020-05-23,1.5912522
Low-income countries,2020-05-24,1.6560183
Low-income countries,2020-05-25,1.7700065
Low-income countries,2020-05-26,1.8608782
Low-income countries,2020-05-27,1.9374019
Low-income countries,2020-05-28,1.9013321
Low-income countries,2020-05-29,2.019904
Low-income countries,2020-05-30,1.9932003
Low-income countries,2020-05-31,2.0452125
Low-income countries,2020-06-01,2.0300672
Low-income countries,2020-06-02,2.0774958
Low-income countries,2020-06-03,2.139472
Low-income countries,2020-06-04,2.2104156
Low-income countries,2020-06-05,2.2428985
Low-income countries,2020-06-06,2.3076644
Low-income countries,2020-06-07,2.2357242
Low-income countries,2020-06-08,2.2151985
Low-income countries,2020-06-09,2.2263582
Low-income countries,2020-06-10,2.133892
Low-income countries,2020-06-11,2.16219
Low-income countries,2020-06-12,2.135287
Low-income countries,2020-06-13,2.0677311
Low-income countries,2020-06-14,2.1008117
Low-income countries,2020-06-15,2.12612
Low-income countries,2020-06-16,2.1940746
Low-income countries,2020-06-17,2.1874986
Low-income countries,2020-06-18,2.2506702
Low-income countries,2020-06-19,2.1595993
Low-income countries,2020-06-20,2.2185862
Low-income countries,2020-06-21,2.2046366
Low-income countries,2020-06-22,2.133095
Low-income countries,2020-06-23,1.9884176
Low-income countries,2020-06-24,2.0003743
Low-income countries,2020-06-25,1.7983043
Low-income countries,2020-06-26,1.8505157
Low-income countries,2020-06-27,1.7138095
Low-income countries,2020-06-28,1.6681744
Low-income countries,2020-06-29,1.6789355
Low-income countries,2020-06-30,1.6701671
Low-income countries,2020-07-01,1.6139702
Low-income countries,2020-07-02,1.5974299
Low-income countries,2020-07-03,1.54203
Low-income countries,2020-07-04,1.5103444
Low-income countries,2020-07-05,1.5246927
Low-income countries,2020-07-06,1.431828
Low-income countries,2020-07-07,1.4485676
Low-income countries,2020-07-08,1.4796553
Low-income countries,2020-07-09,1.4963949
Low-income countries,2020-07-10,1.4746733
Low-income countries,2020-07-11,1.6052018
Low-income countries,2020-07-12,1.5745126
Low-income countries,2020-07-13,1.615963
Low-income countries,2020-07-14,1.5615594
Low-income countries,2020-07-15,1.5826832
Low-income countries,2020-07-16,1.6137708
Low-income countries,2020-07-17,1.6950772
Low-income countries,2020-07-18,1.6504384
Low-income countries,2020-07-19,1.689298
Low-income countries,2020-07-20,1.8383596
Low-income countries,2020-07-21,1.7971087
Low-income countries,2020-07-22,1.875625
Low-income countries,2020-07-23,1.9838341
Low-income countries,2020-07-24,1.9569314
Low-income countries,2020-07-25,1.993001
Low-income countries,2020-07-26,1.9328184
Low-income countries,2020-07-27,1.9236516
Low-income countries,2020-07-28,2.0794885
Low-income countries,2020-07-29,2.0908475
Low-income countries,2020-07-30,1.9991788
Low-income countries,2020-07-31,2.0980217
Low-income countries,2020-08-01,2.085467
Low-income countries,2020-08-02,2.150233
Low-income countries,2020-08-03,2.0892534
Low-income countries,2020-08-04,2.023491
Low-income countries,2020-08-05,1.9670947
Low-income countries,2020-08-06,1.9698845
Low-income countries,2020-08-07,1.8851905
Low-income countries,2020-08-08,1.870643
Low-income countries,2020-08-09,1.8893753
Low-income countries,2020-08-10,1.8469287
Low-income countries,2020-08-11,1.8668567
Low-income countries,2020-08-12,1.8772192
Low-income countries,2020-08-13,1.9188688
Low-income countries,2020-08-14,2.0167153
Low-income countries,2020-08-15,2.1364827
Low-income countries,2020-08-16,2.3297846
Low-income countries,2020-08-17,2.4682841
Low-income countries,2020-08-18,2.6591947
Low-income countries,2020-08-19,2.8044698
Low-income countries,2020-08-20,2.865051
Low-income countries,2020-08-21,3.0077357
Low-income countries,2020-08-22,3.2052224
Low-income countries,2020-08-23,3.123916
Low-income countries,2020-08-24,3.2357123
Low-income countries,2020-08-25,3.2287374
Low-income countries,2020-08-26,3.2737746
Low-income countries,2020-08-27,3.3431242
Low-income countries,2020-08-28,3.206418
Low-income countries,2020-08-29,3.0709076
Low-income countries,2020-08-30,3.071904
Low-income countries,2020-08-31,2.9886048
Low-income countries,2020-09-01,2.8660474
Low-income countries,2020-09-02,2.739106
Low-income countries,2020-09-03,2.6384695
Low-income countries,2020-09-04,2.5322533
Low-income countries,2020-09-05,2.5133216
Low-income countries,2020-09-06,2.4011269
Low-income countries,2020-09-07,2.3554916
Low-income countries,2020-09-08,2.378409
Low-income countries,2020-09-09,2.3813982
Low-income countries,2020-09-10,2.359278
Low-income countries,2020-09-11,2.3768146
Low-income countries,2020-09-12,2.2626271
Low-income countries,2020-09-13,2.1861036
Low-income countries,2020-09-14,2.038437
Low-income countries,2020-09-15,1.9220573
Low-income countries,2020-09-16,1.8489214
Low-income countries,2020-09-17,1.8078698
Low-income countries,2020-09-18,1.7971087
Low-income countries,2020-09-19,1.7660209
Low-income countries,2020-09-20,1.8198266
Low-income countries,2020-09-21,1.9013321
Low-income countries,2020-09-22,1.9820406
Low-income countries,2020-09-23,1.9774572
Low-income countries,2020-09-24,1.9491594
Low-income countries,2020-09-25,1.8961508
Low-income countries,2020-09-26,1.8124532
Low-income countries,2020-09-27,1.7686116
Low-income countries,2020-09-28,1.7355311
Low-income countries,2020-09-29,1.7223785
Low-income countries,2020-09-30,1.7002585
Low-income countries,2020-10-01,1.7164001
Low-income countries,2020-10-02,1.7719994
Low-income countries,2020-10-03,1.8429431
Low-income countries,2020-10-04,1.8568927
Low-income countries,2020-10-05,1.9222566
Low-income countries,2020-10-06,1.8337761
Low-income countries,2020-10-07,1.8323812
Low-income countries,2020-10-08,1.8485229
Low-income countries,2020-10-09,1.8539034
Low-income countries,2020-10-10,1.8562949
Low-income countries,2020-10-11,1.8630704
Low-income countries,2020-10-12,1.8018913
Low-income countries,2020-10-13,1.8564941
Low-income countries,2020-10-14,1.8415481
Low-income countries,2020-10-15,1.7975072
Low-income countries,2020-10-16,1.785351
Low-income countries,2020-10-17,1.7281576
Low-income countries,2020-10-18,1.6902944
Low-income countries,2020-10-19,1.6552211
Low-income countries,2020-10-20,1.6721599
Low-income countries,2020-10-21,1.6705657
Low-income countries,2020-10-22,1.6566161
Low-income countries,2020-10-23,1.6293147
Low-income countries,2020-10-24,1.6687722
Low-income countries,2020-10-25,1.6727577
Low-income countries,2020-10-26,1.625927
Low-income countries,2020-10-27,1.5352545
Low-income countries,2020-10-28,1.5197107
Low-income countries,2020-10-29,1.593245
Low-income countries,2020-10-30,1.5902557
Low-income countries,2020-10-31,1.5683349
Low-income countries,2020-11-01,1.5408343
Low-income countries,2020-11-02,1.5601645
Low-income countries,2020-11-03,1.5846759
Low-income countries,2020-11-04,1.6608009
Low-income countries,2020-11-05,1.5615594
Low-income countries,2020-11-06,1.5842774
Low-income countries,2020-11-07,1.5408343
Low-income countries,2020-11-08,1.5988249
Low-income countries,2020-11-09,1.6364888
Low-income countries,2020-11-10,1.6376845
Low-income countries,2020-11-11,1.5814874
Low-income countries,2020-11-12,1.6071947
Low-income countries,2020-11-13,1.6151658
Low-income countries,2020-11-14,1.7301505
Low-income countries,2020-11-15,1.7660209
Low-income countries,2020-11-16,1.8202251
Low-income countries,2020-11-17,1.8752265
Low-income countries,2020-11-18,1.9262421
Low-income countries,2020-11-19,2.0430202
Low-income countries,2020-11-20,2.161592
Low-income countries,2020-11-21,2.1759403
Low-income countries,2020-11-22,2.1582043
Low-income countries,2020-11-23,2.1492367
Low-income countries,2020-11-24,2.2052345
Low-income countries,2020-11-25,2.289729
Low-income countries,2020-11-26,2.2610328
Low-income countries,2020-11-27,2.2973018
Low-income countries,2020-11-28,2.337955
Low-income countries,2020-11-29,2.3560896
Low-income countries,2020-11-30,2.420457
Low-income countries,2020-12-01,2.5049517
Low-income countries,2020-12-02,2.5326517
Low-income countries,2020-12-03,2.6069832
Low-income countries,2020-12-04,2.5952258
Low-income countries,2020-12-05,2.6047912
Low-income countries,2020-12-06,2.7412982
Low-income countries,2020-12-07,2.8760114
Low-income countries,2020-12-08,2.965289
Low-income countries,2020-12-09,3.1330829
Low-income countries,2020-12-10,3.2297337
Low-income countries,2020-12-11,3.3385408
Low-income countries,2020-12-12,3.392745
Low-income countries,2020-12-13,3.3953357
Low-income countries,2020-12-14,3.3319645
Low-income countries,2020-12-15,3.2201684
Low-income countries,2020-12-16,3.0998032
Low-income countries,2020-12-17,3.0994046
Low-income countries,2020-12-18,3.1410542
Low-income countries,2020-12-19,3.1683555
Low-income countries,2020-12-20,3.195856
Low-income countries,2020-12-21,3.1412535
Low-income countries,2020-12-22,3.2719812
Low-income countries,2020-12-23,3.2679956
Low-income countries,2020-12-24,3.293105
Low-income countries,2020-12-25,3.1633735
Low-income countries,2020-12-26,3.1755295
Low-income countries,2020-12-27,3.0424104
Low-income countries,2020-12-28,2.990199
Low-income countries,2020-12-29,2.8367534
Low-income countries,2020-12-30,2.7857375
Low-income countries,2020-12-31,2.7646139
Low-income countries,2021-01-01,2.7905202
Low-income countries,2021-01-02,2.6884887
Low-income countries,2021-01-03,2.690681
Low-income countries,2021-01-04,2.7943065
Low-income countries,2021-01-05,2.785339
Low-income countries,2021-01-06,2.8026764
Low-income countries,2021-01-07,2.7685995
Low-income countries,2021-01-08,2.755447
Low-income countries,2021-01-09,2.9373899
Low-income countries,2021-01-10,3.384176
Low-income countries,2021-01-11,3.4351916
Low-income countries,2021-01-12,3.5711007
Low-income countries,2021-01-13,3.6994371
Low-income countries,2021-01-14,3.9385734
Low-income countries,2021-01-15,4.032036
Low-income countries,2021-01-16,4.162365
Low-income countries,2021-01-17,3.985803
Low-income countries,2021-01-18,4.0675077
Low-income countries,2021-01-19,4.1404443
Low-income countries,2021-01-20,4.23012
Low-income countries,2021-01-21,4.275556
Low-income countries,2021-01-22,4.4465384
Low-income countries,2021-01-23,4.588227
Low-income countries,2021-01-24,4.640239
Low-income countries,2021-01-25,4.710186
Low-income countries,2021-01-26,4.6262894
Low-income countries,2021-01-27,4.7893004
Low-income countries,2021-01-28,4.776746
Low-income countries,2021-01-29,4.7004213
Low-income countries,2021-01-30,4.7127767
Low-income countries,2021-01-31,4.629876
Low-income countries,2021-02-01,4.558534
Low-income countries,2021-02-02,4.6605654
Low-income countries,2021-02-03,4.431393
Low-income countries,2021-02-04,4.3351407
Low-income countries,2021-02-05,4.3383293
Low-income countries,2021-02-06,4.1179256
Low-income countries,2021-02-07,4.095407
Low-income countries,2021-02-08,4.020876
Low-income countries,2021-02-09,3.8227916
Low-income countries,2021-02-10,3.8006716
Low-income countries,2021-02-11,3.7233508
Low-income countries,2021-02-12,3.6657588
Low-income countries,2021-02-13,3.619526
Low-income countries,2021-02-14,3.442565
Low-income countries,2021-02-15,3.5633287
Low-income countries,2021-02-16,3.6312833
Low-income countries,2021-02-17,3.6942558
Low-income countries,2021-02-18,3.7147818
Low-income countries,2021-02-19,3.7287314
Low-income countries,2021-02-20,3.738496
Low-income countries,2021-02-21,3.913464
Low-income countries,2021-02-22,3.8570678
Low-income countries,2021-02-23,3.8945324
Low-income countries,2021-02-24,3.737101
Low-income countries,2021-02-25,3.6272976
Low-income countries,2021-02-26,3.6585848
Low-income countries,2021-02-27,3.6725342
Low-income countries,2021-02-28,3.6683495
Low-income countries,2021-03-01,3.6133482
Low-income countries,2021-03-02,3.5447958
Low-income countries,2021-03-03,3.577079
Low-income countries,2021-03-04,3.6358669
Low-income countries,2021-03-05,3.6434395
Low-income countries,2021-03-06,3.5254655
Low-income countries,2021-03-07,3.461696
Low-income countries,2021-03-08,3.4543226
Low-income countries,2021-03-09,3.44954
Low-income countries,2021-03-10,3.467475
Low-income countries,2021-03-11,3.4963706
Low-income countries,2021-03-12,3.429014
Low-income countries,2021-03-13,3.6023877
Low-income countries,2021-03-14,3.670143
Low-income countries,2021-03-15,3.709999
Low-income countries,2021-03-16,3.724347
Low-income countries,2021-03-17,3.8512886
Low-income countries,2021-03-18,3.9429576
Low-income countries,2021-03-19,4.0479784
Low-income countries,2021-03-20,4.1948476
Low-income countries,2021-03-21,4.281136
Low-income countries,2021-03-22,4.337333
Low-income countries,2021-03-23,4.4329877
Low-income countries,2021-03-24,4.4732423
Low-income countries,2021-03-25,4.531233
Low-income countries,2021-03-26,4.543389
Low-income countries,2021-03-27,4.4371724
Low-income countries,2021-03-28,4.493967
Low-income countries,2021-03-29,4.545581
Low-income countries,2021-03-30,4.734299
Low-income countries,2021-03-31,4.788304
Low-income countries,2021-04-01,4.843903
Low-income countries,2021-04-02,4.966859
Low-income countries,2021-04-03,5.111337
Low-income countries,2021-04-04,5.116917
Low-income countries,2021-04-05,5.125685
Low-income countries,2021-04-06,5.131066
Low-income countries,2021-04-07,5.1037645
Low-income countries,2021-04-08,5.097786
Low-income countries,2021-04-09,5.1521897
Low-income countries,2021-04-10,5.0362086
Low-income countries,2021-04-11,5.0216613
Low-income countries,2021-04-12,5.0676947
Low-income countries,2021-04-13,5.0567346
Low-income countries,2021-04-14,5.05235
Low-income countries,2021-04-15,5.135649
Low-income countries,2021-04-16,5.1209025
Low-income countries,2021-04-17,5.1370444
Low-income countries,2021-04-18,5.2175536
Low-income countries,2021-04-19,5.2452536
Low-income countries,2021-04-20,5.2175536
Low-income countries,2021-04-21,5.149001
Low-income countries,2021-04-22,4.932583
Low-income countries,2021-04-23,4.7588105
Low-income countries,2021-04-24,4.610347
Low-income countries,2021-04-25,4.4648724
Low-income countries,2021-04-26,4.28273
Low-income countries,2021-04-27,4.045587
Low-income countries,2021-04-28,3.8905468
Low-income countries,2021-04-29,3.7964866
Low-income countries,2021-04-30,3.5808654
Low-income countries,2021-05-01,3.4521306
Low-income countries,2021-05-02,3.189479
Low-income countries,2021-05-03,2.8937473
Low-income countries,2021-05-04,2.7970965
Low-income countries,2021-05-05,2.6348825
Low-income countries,2021-05-06,2.5661309
Low-income countries,2021-05-07,2.4736648
Low-income countries,2021-05-08,2.3802023
Low-income countries,2021-05-09,2.307465
Low-income countries,2021-05-10,2.3255997
Low-income countries,2021-05-11,2.2799644
Low-income countries,2021-05-12,2.2963054
Low-income countries,2021-05-13,2.180723
Low-income countries,2021-05-14,2.0960288
Low-income countries,2021-05-15,1.9232529
Low-income countries,2021-05-16,1.8297906
Low-income countries,2021-05-17,1.8014928
Low-income countries,2021-05-18,1.7536656
Low-income countries,2021-05-19,1.7698072
Low-income countries,2021-05-20,1.7480857
Low-income countries,2021-05-21,1.7927245
Low-income countries,2021-05-22,1.8967487
Low-income countries,2021-05-23,1.9834356
Low-income countries,2021-05-24,2.0880578
Low-income countries,2021-05-25,2.154418
Low-income countries,2021-05-26,2.1613927
Low-income countries,2021-05-27,2.2986968
Low-income countries,2021-05-28,2.4274318
Low-income countries,2021-05-29,2.4784474
Low-income countries,2021-05-30,2.7082176
Low-income countries,2021-05-31,2.8397424
Low-income countries,2021-06-01,3.0607443
Low-income countries,2021-06-02,3.3267832
Low-income countries,2021-06-03,3.5489807
Low-income countries,2021-06-04,3.5878403
Low-income countries,2021-06-05,3.7687867
Low-income countries,2021-06-06,4.2918973
Low-income countries,2021-06-07,4.4054866
Low-income countries,2021-06-08,4.500942
Low-income countries,2021-06-09,4.7350965
Low-income countries,2021-06-10,4.9555
Low-income countries,2021-06-11,5.4086633
Low-income countries,2021-06-12,5.6061497
Low-income countries,2021-06-13,5.167335
Low-income countries,2021-06-14,5.5270357
Low-income countries,2021-06-15,5.7332907
Low-income countries,2021-06-16,5.439751
Low-income countries,2021-06-17,5.762784
Low-income countries,2021-06-18,5.848873
Low-income countries,2021-06-19,6.1386266
Low-income countries,2021-06-20,6.2733397
Low-income countries,2021-06-21,6.198012
Low-income countries,2021-06-22,6.084024
Low-income countries,2021-06-23,6.7685513
Low-income countries,2021-06-24,6.548546
Low-income countries,2021-06-25,6.6121163
Low-income countries,2021-06-26,6.580829
Low-income countries,2021-06-27,6.5467525
Low-income countries,2021-06-28,6.58063
Low-income countries,2021-06-29,6.6557584
Low-income countries,2021-06-30,6.3763676
Low-income countries,2021-07-01,6.3853354
Low-income countries,2021-07-02,6.4339595
Low-income countries,2021-07-03,6.4323654
Low-income countries,2021-07-04,6.6776795
Low-income countries,2021-07-05,6.653965
Low-income countries,2021-07-06,6.7111583
Low-income countries,2021-07-07,6.8249474
Low-income countries,2021-07-08,6.695216
Low-income countries,2021-07-09,6.6818643
Low-income countries,2021-07-10,6.710162
Low-income countries,2021-07-11,6.744837
Low-income countries,2021-07-12,6.6527696
Low-income countries,2021-07-13,6.801034
Low-income countries,2021-07-14,6.6665196
Low-income countries,2021-07-15,6.8933005
Low-income countries,2021-07-16,6.8163786
Low-income countries,2021-07-17,6.8921046
Low-income countries,2021-07-18,7.1956086
Low-income countries,2021-07-19,7.7155304
Low-income countries,2021-07-20,7.620673
Low-income countries,2021-07-21,7.5007067
Low-income countries,2021-07-22,7.3819356
Low-income countries,2021-07-23,7.478985
Low-income countries,2021-07-24,7.3450685
Low-income countries,2021-07-25,7.2547946
Low-income countries,2021-07-26,6.8199654
Low-income countries,2021-07-27,6.8104
Low-income countries,2021-07-28,7.050931
Low-income countries,2021-07-29,7.230881
Low-income countries,2021-07-30,7.205174
Low-income countries,2021-07-31,7.434944
Low-income countries,2021-08-01,7.3086004
Low-income countries,2021-08-02,7.1734886
Low-income countries,2021-08-03,7.179068
Low-income countries,2021-08-04,7.060895
Low-income countries,2021-08-05,6.8149834
Low-income countries,2021-08-06,6.7147455
Low-income countries,2021-08-07,6.5276213
Low-income countries,2021-08-08,6.3187757
Low-income countries,2021-08-09,6.1729026
Low-income countries,2021-08-10,5.890921
Low-income countries,2021-08-11,5.8468804
Low-income countries,2021-08-12,5.7663713
Low-income countries,2021-08-13,5.6356435
Low-income countries,2021-08-14,5.4030833
Low-income countries,2021-08-15,5.1996183
Low-income countries,2021-08-16,5.0858293
Low-income countries,2021-08-17,4.967058
Low-income countries,2021-08-18,4.871603
Low-income countries,2021-08-19,8.882116
Low-income countries,2021-08-20,8.695192
Low-income countries,2021-08-21,8.614484
Low-income countries,2021-08-22,8.620063
Low-income countries,2021-08-23,8.631023
Low-income countries,2021-08-24,8.773708
Low-income countries,2021-08-25,8.709142
Low-income countries,2021-08-26,4.7267265
Low-income countries,2021-08-27,4.801257
Low-income countries,2021-08-28,4.8698096
Low-income countries,2021-08-29,5.0682926
Low-income countries,2021-08-30,5.1049604
Low-income countries,2021-08-31,4.909267
Low-income countries,2021-09-01,4.8869476
Low-income countries,2021-09-02,4.691454
Low-income countries,2021-09-03,4.717161
Low-income countries,2021-09-04,4.6009808
Low-income countries,2021-09-05,4.3078394
Low-income countries,2021-09-06,4.3283653
Low-income countries,2021-09-07,4.414056
Low-income countries,2021-09-08,4.362044
Low-income countries,2021-09-09,4.307242
Low-income countries,2021-09-10,4.203417
Low-income countries,2021-09-11,4.2247396
Low-income countries,2021-09-12,4.181496
Low-income countries,2021-09-13,4.0838485
Low-income countries,2021-09-14,4.022271
Low-income countries,2021-09-15,4.0346265
Low-income countries,2021-09-16,4.1334696
Low-income countries,2021-09-17,4.057145
Low-income countries,2021-09-18,4.020079
Low-income countries,2021-09-19,4.048775
Low-income countries,2021-09-20,3.958302
Low-income countries,2021-09-21,3.9136634
Low-income countries,2021-09-22,3.8114326
Low-income countries,2021-09-23,3.6962488
Low-income countries,2021-09-24,3.7365034
Low-income countries,2021-09-25,3.6595812
Low-income countries,2021-09-26,3.5856483
Low-income countries,2021-09-27,3.6009927
Low-income countries,2021-09-28,3.5455928
Low-income countries,2021-09-29,3.39135
Low-income countries,2021-09-30,3.279554
Low-income countries,2021-10-01,3.096017
Low-income countries,2021-10-02,3.043606
Low-income countries,2021-10-03,2.899128
Low-income countries,2021-10-04,2.9642925
Low-income countries,2021-10-05,2.9053056
Low-income countries,2021-10-06,2.889961
Low-income countries,2021-10-07,2.8945446
Low-income countries,2021-10-08,2.8431304
Low-income countries,2021-10-09,2.718381
Low-income countries,2021-10-10,2.6528177
Low-income countries,2021-10-11,2.536438
Low-income countries,2021-10-12,2.5218906
Low-income countries,2021-10-13,2.5109303
Low-income countries,2021-10-14,2.367847
Low-income countries,2021-10-15,2.2787688
Low-income countries,2021-10-16,2.2289488
Low-income countries,2021-10-17,2.2108142
Low-income countries,2021-10-18,2.154418
Low-income countries,2021-10-19,2.0822785
Low-income countries,2021-10-20,1.9286336
Low-income countries,2021-10-21,1.969486
Low-income countries,2021-10-22,1.8238121
Low-income countries,2021-10-23,1.756854
Low-income countries,2021-10-24,1.7743907
Low-income countries,2021-10-25,1.82441
Low-income countries,2021-10-26,1.8062755
Low-income countries,2021-10-27,1.8160403
Low-income countries,2021-10-28,1.6440614
Low-income countries,2021-10-29,1.6454564
Low-income countries,2021-10-30,1.6327025
Low-income countries,2021-10-31,1.5695306
Low-income countries,2021-11-01,1.4571366
Low-income countries,2021-11-02,1.3985482
Low-income countries,2021-11-03,1.357098
Low-income countries,2021-11-04,1.3154484
Low-income countries,2021-11-05,1.4537488
Low-income countries,2021-11-06,1.4180777
Low-income countries,2021-11-07,1.3891821
Low-income countries,2021-11-08,1.3411555
Low-income countries,2021-11-09,1.3359743
Low-income countries,2021-11-10,1.330793
Low-income countries,2021-11-11,1.2797773
Low-income countries,2021-11-12,1.160807
Low-income countries,2021-11-13,1.1139761
Low-income countries,2021-11-14,1.1354984
Low-income countries,2021-11-15,1.1474552
Low-income countries,2021-11-16,1.1335056
Low-income countries,2021-11-17,1.1151719
Low-income countries,2021-11-18,1.1548287
Low-income countries,2021-11-19,1.0645547
Low-income countries,2021-11-20,1.1490495
Low-income countries,2021-11-21,1.081892
Low-income countries,2021-11-22,1.0795007
Low-income countries,2021-11-23,1.0681417
Low-income countries,2021-11-24,1.0418367
Low-income countries,2021-11-25,1.1093928
Low-income countries,2021-11-26,1.1460602
Low-income countries,2021-11-27,1.0964395
Low-income countries,2021-11-28,1.0791022
Low-income countries,2021-11-29,1.1068021
Low-income countries,2021-11-30,1.1255344
Low-income countries,2021-12-01,1.2480917
Low-income countries,2021-12-02,1.2118227
Low-income countries,2021-12-03,1.2730018
Low-income countries,2021-12-04,1.353511
Low-income countries,2021-12-05,1.4411942
Low-income countries,2021-12-06,1.4511583
Low-income countries,2021-12-07,1.5067574
Low-income countries,2021-12-08,1.4951992
Low-income countries,2021-12-09,1.6251298
Low-income countries,2021-12-10,1.7993007
Low-income countries,2021-12-11,2.0942354
Low-income countries,2021-12-12,2.2498732
Low-income countries,2021-12-13,2.513521
Low-income countries,2021-12-14,2.7919152
Low-income countries,2021-12-15,3.1011982
Low-income countries,2021-12-16,3.5312448
Low-income countries,2021-12-17,4.0489745
Low-income countries,2021-12-18,4.8741937
Low-income countries,2021-12-19,5.4216166
Low-income countries,2021-12-20,5.647999
Low-income countries,2021-12-21,6.1396227
Low-income countries,2021-12-22,7.3141804
Low-income countries,2021-12-23,8.293044
Low-income countries,2021-12-24,9.754167
Low-income countries,2021-12-25,10.752162
Low-income countries,2021-12-26,11.897823
Low-income countries,2021-12-27,13.990266
Low-income countries,2021-12-28,14.5197525
Low-income countries,2021-12-29,15.721612
Low-income countries,2021-12-30,17.278788
Low-income countries,2021-12-31,18.426243
Low-income countries,2022-01-01,19.904701
Low-income countries,2022-01-02,20.386362
Low-income countries,2022-01-03,19.016909
Low-income countries,2022-01-04,19.346518
Low-income countries,2022-01-05,18.999372
Low-income countries,2022-01-06,18.520103
Low-income countries,2022-01-07,17.588268
Low-income countries,2022-01-08,16.149666
Low-income countries,2022-01-09,15.635324
Low-income countries,2022-01-10,15.349754
Low-income countries,2022-01-11,14.854344
Low-income countries,2022-01-12,14.030122
Low-income countries,2022-01-13,13.053848
Low-income countries,2022-01-14,11.983713
Low-income countries,2022-01-15,11.188187
Low-income countries,2022-01-16,10.294814
Low-income countries,2022-01-17,9.762735
Low-income countries,2022-01-18,9.233049
Low-income countries,2022-01-19,8.465422
Low-income countries,2022-01-20,7.4439116
Low-income countries,2022-01-21,6.6071343
Low-income countries,2022-01-22,5.865413
Low-income countries,2022-01-23,5.3504734
Low-income countries,2022-01-24,5.04418
Low-income countries,2022-01-25,4.751437
Low-income countries,2022-01-26,4.357261
Low-income countries,2022-01-27,3.9180474
Low-income countries,2022-01-28,3.72355
Low-income countries,2022-01-29,3.4889972
Low-income countries,2022-01-30,3.4618952
Low-income countries,2022-01-31,3.6924624
Low-income countries,2022-02-01,3.555756
Low-income countries,2022-02-02,3.403506
Low-income countries,2022-02-03,3.3317652
Low-income countries,2022-02-04,3.140257
Low-income countries,2022-02-05,3.234118
Low-income countries,2022-02-06,2.873421
Low-income countries,2022-02-07,2.5822725
Low-income countries,2022-02-08,2.554174
Low-income countries,2022-02-09,2.4124858
Low-income countries,2022-02-10,2.392757
Low-income countries,2022-02-11,2.4130836
Low-income countries,2022-02-12,2.1733496
Low-income countries,2022-02-13,2.1440554
Low-income countries,2022-02-14,2.104
Low-income countries,2022-02-15,1.9551378
Low-income countries,2022-02-16,1.8076705
Low-income countries,2022-02-17,1.6677758
Low-income countries,2022-02-18,1.4637129
Low-income countries,2022-02-19,1.2375299
Low-income countries,2022-02-20,1.4095087
Low-income countries,2022-02-21,1.3756311
Low-income countries,2022-02-22,1.3178397
Low-income countries,2022-02-23,1.3200319
Low-income countries,2022-02-24,1.2600485
Low-income countries,2022-02-25,1.2570593
Low-income countries,2022-02-26,1.1261322
Low-income countries,2022-02-27,0.8423573
Low-income countries,2022-02-28,0.79652286
Low-income countries,2022-03-01,0.8044941
Low-income countries,2022-03-02,0.74032587
Low-income countries,2022-03-03,0.73135823
Low-income countries,2022-03-04,0.7056511
Low-income countries,2022-03-05,0.6564289
Low-income countries,2022-03-06,0.66200876
Low-income countries,2022-03-07,0.64905554
Low-income countries,2022-03-08,0.65224403
Low-income countries,2022-03-09,0.6640015
Low-income countries,2022-03-10,0.6612116
Low-income countries,2022-03-11,0.6855238
Low-income countries,2022-03-12,0.65583104
Low-income countries,2022-03-13,0.6456678
Low-income countries,2022-03-14,0.6167721
Low-income countries,2022-03-15,0.55439746
Low-income countries,2022-03-16,0.5253025
Low-income countries,2022-03-17,0.48803714
Low-income countries,2022-03-18,0.49002996
Low-income countries,2022-03-19,0.49800116
Low-income countries,2022-03-20,0.473689
Low-income countries,2022-03-21,0.4521667
Low-income countries,2022-03-22,0.43144158
Low-income countries,2022-03-23,0.39537185
Low-income countries,2022-03-24,0.4041402
Low-income countries,2022-03-25,0.33937413
Low-income countries,2022-03-26,0.32542452
Low-income countries,2022-03-27,0.32004395
Low-income countries,2022-03-28,0.33160222
Low-income countries,2022-03-29,0.32303315
Low-income countries,2022-03-30,0.30689147
Low-income countries,2022-03-31,0.28835842
Low-income countries,2022-04-01,0.28078577
Low-income countries,2022-04-02,0.26364768
Low-income countries,2022-04-03,0.2672347
Low-income countries,2022-04-04,0.24092974
Low-income countries,2022-04-05,0.2562743
Low-income countries,2022-04-06,0.25009662
Low-income countries,2022-04-07,0.26045918
Low-income countries,2022-04-08,0.25089374
Low-income countries,2022-04-09,0.23873764
Low-income countries,2022-04-10,0.24053118
Low-income countries,2022-04-11,0.27281457
Low-income countries,2022-04-12,0.25567648
Low-income countries,2022-04-13,0.26603904
Low-income countries,2022-04-14,0.25707144
Low-income countries,2022-04-15,0.24770525
Low-income countries,2022-04-16,0.26185414
Low-income countries,2022-04-17,0.25487936
Low-income countries,2022-04-18,0.24551317
Low-income countries,2022-04-19,0.24312182
Low-income countries,2022-04-20,0.22957076
Low-income countries,2022-04-21,0.23375565
Low-income countries,2022-04-22,0.25667286
Low-income countries,2022-04-23,0.2756045
Low-income countries,2022-04-24,0.26384696
Low-income countries,2022-04-25,0.36747265
Low-income countries,2022-04-26,0.35611367
Low-income countries,2022-04-27,0.38441145
Low-income countries,2022-04-28,0.40693012
Low-income countries,2022-04-29,0.406133
Low-income countries,2022-04-30,0.39616898
Low-income countries,2022-05-01,0.44977537
Low-income countries,2022-05-02,0.37763593
Low-income countries,2022-05-03,0.38421217
Low-income countries,2022-05-04,0.35531655
Low-income countries,2022-05-05,0.3196454
Low-income countries,2022-05-06,0.3045001
Low-income countries,2022-05-07,0.29274258
Low-income countries,2022-05-08,0.2983224
Low-income countries,2022-05-09,0.30589506
Low-income countries,2022-05-10,0.30071378
Low-income countries,2022-05-11,0.31585908
Low-income countries,2022-05-12,0.35252663
Low-income countries,2022-05-13,0.35531655
Low-income countries,2022-05-14,0.37424818
Low-income countries,2022-05-15,0.33239934
Low-income countries,2022-05-16,0.38241866
Low-income countries,2022-05-17,0.401151
Low-income countries,2022-05-18,0.41729268
Low-income countries,2022-05-19,0.39557114
Low-income countries,2022-05-20,0.44220272
Low-income countries,2022-05-21,0.48325443
Low-income countries,2022-05-22,0.5023853
Low-income countries,2022-05-23,0.42845237
Low-income countries,2022-05-24,0.43602502
Low-income countries,2022-05-25,0.44818112
Low-income countries,2022-05-26,0.5059724
Low-income countries,2022-05-27,0.52590036
Low-income countries,2022-05-28,0.51733136
Low-income countries,2022-05-29,0.54244065
Low-income countries,2022-05-30,0.6080038
Low-income countries,2022-05-31,0.6253412
Low-income countries,2022-06-01,0.6753605
Low-income countries,2022-06-02,0.72219133
Low-income countries,2022-06-03,0.80967534
Low-income countries,2022-06-04,0.878427
Low-income countries,2022-06-05,1.0145354
Low-income countries,2022-06-06,1.0342641
Low-income countries,2022-06-07,1.0808957
Low-income countries,2022-06-08,1.1400819
Low-income countries,2022-06-09,1.1912969
Low-income countries,2022-06-10,1.2425119
Low-income countries,2022-06-11,1.3499238
Low-income countries,2022-06-12,1.3327858
Low-income countries,2022-06-13,1.4065195
Low-income countries,2022-06-14,1.4963949
Low-income countries,2022-06-15,1.6420686
Low-income countries,2022-06-16,1.6715621
Low-income countries,2022-06-17,1.7124145
Low-income countries,2022-06-18,1.5796939
Low-income countries,2022-06-19,1.8026885
Low-income countries,2022-06-20,1.7622346
Low-income countries,2022-06-21,1.7347339
Low-income countries,2022-06-22,1.6129737
Low-income countries,2022-06-23,1.6313075
Low-income countries,2022-06-24,1.5599653
Low-income countries,2022-06-25,1.6480471
Low-income countries,2022-06-26,1.3782216
Low-income countries,2022-06-27,1.33717
Low-income countries,2022-06-28,1.273201
Low-income countries,2022-06-29,1.2506824
Low-income countries,2022-06-30,1.1747566
Low-income countries,2022-07-01,1.1374912
Low-income countries,2022-07-02,1.1372919
Low-income countries,2022-07-03,1.0785043
Low-income countries,2022-07-04,1.0535942
Low-income countries,2022-07-05,1.0797
Low-income countries,2022-07-06,1.0157311
Low-income countries,2022-07-07,0.9880311
Low-income countries,2022-07-08,0.94259524
Low-income countries,2022-07-09,0.8756371
Low-income countries,2022-07-10,0.92565644
Low-income countries,2022-07-11,0.9103118
Low-income countries,2022-07-12,0.81944007
Low-income countries,2022-07-13,0.77460206
Low-income countries,2022-07-14,0.75666684
Low-income countries,2022-07-15,0.7239849
Low-income countries,2022-07-16,0.7194014
Low-income countries,2022-07-17,0.6370987
Low-income countries,2022-07-18,0.69947344
Low-income countries,2022-07-19,0.77260923
Low-income countries,2022-07-20,0.8447487
Low-income countries,2022-07-21,0.8814162
Low-income countries,2022-07-22,0.93422544
Low-income countries,2022-07-23,0.94638157
Low-income countries,2022-07-24,0.96312106
Low-income countries,2022-07-25,0.92246795
Low-income countries,2022-07-26,0.9991908
Low-income countries,2022-07-27,1.007162
Low-income countries,2022-07-28,1.0179231
Low-income countries,2022-07-29,1.022108
Low-income countries,2022-07-30,0.94159883
Low-income countries,2022-07-31,1.0408404
Low-income countries,2022-08-01,1.0352606
Low-income countries,2022-08-02,0.9419974
Low-income countries,2022-08-03,0.88301045
Low-income countries,2022-08-04,0.92744994
Low-income countries,2022-08-05,0.9278485
Low-income countries,2022-08-06,0.9964009
Low-income countries,2022-08-07,0.87523854
Low-income countries,2022-08-08,0.9728858
Low-income countries,2022-08-09,0.97049445
Low-income countries,2022-08-10,1.0272893
Low-income countries,2022-08-11,0.8969601
Low-income countries,2022-08-12,0.8555098
Low-income countries,2022-08-13,0.8030991
Low-income countries,2022-08-14,0.7931351
Low-income countries,2022-08-15,0.7582611
Low-income countries,2022-08-16,0.7592575
Low-income countries,2022-08-17,0.6640015
Low-income countries,2022-08-18,0.7253798
Low-income countries,2022-08-19,0.73554313
Low-income countries,2022-08-20,0.6919008
Low-income countries,2022-08-21,0.7427172
Low-income countries,2022-08-22,0.67276984
Low-income countries,2022-08-23,0.65224403
Low-income countries,2022-08-24,0.68432814
Low-income countries,2022-08-25,0.6432764
Low-income countries,2022-08-26,0.6460663
Low-income countries,2022-08-27,0.65862095
Low-income countries,2022-08-28,0.6616102
Low-income countries,2022-08-29,0.7128252
Low-income countries,2022-08-30,0.7538769
Low-income countries,2022-08-31,0.74710137
Low-income countries,2022-09-01,0.73972803
Low-income countries,2022-09-02,0.6711756
Low-income countries,2022-09-03,0.6717735
Low-income countries,2022-09-04,0.62673616
Low-income countries,2022-09-05,0.61876494
Low-income countries,2022-09-06,0.5759197
Low-income countries,2022-09-07,0.57452476
Low-income countries,2022-09-08,0.62294984
Low-income countries,2022-09-09,0.6442728
Low-income countries,2022-09-10,0.65284187
Low-income countries,2022-09-11,0.7166115
Low-income countries,2022-09-12,0.6815382
Low-income countries,2022-09-13,0.7582611
Low-income countries,2022-09-14,0.76443875
Low-income countries,2022-09-15,0.6986763
Low-income countries,2022-09-16,0.6964842
Low-income countries,2022-09-17,0.677154
Low-income countries,2022-09-18,0.61796784
Low-income countries,2022-09-19,0.59784055
Low-income countries,2022-09-20,0.48783788
Low-income countries,2022-09-21,0.45396024
Low-income countries,2022-09-22,0.45455807
Low-income countries,2022-09-23,0.44499263
Low-income countries,2022-09-24,0.4433984
Low-income countries,2022-09-25,0.42506462
Low-income countries,2022-09-26,0.40274525
Low-income countries,2022-09-27,0.39477402
Low-income countries,2022-09-28,0.3969661
Low-income countries,2022-09-29,0.35850504
Low-income countries,2022-09-30,0.3477439
Low-income countries,2022-10-01,0.33220005
Low-income countries,2022-10-02,0.34316045
Low-income countries,2022-10-03,0.32084107
Low-income countries,2022-10-04,0.3415662
Low-income countries,2022-10-05,0.33738133
Low-income countries,2022-10-06,0.3539216
Low-income countries,2022-10-07,0.34037054
Low-income countries,2022-10-08,0.36508128
Low-income countries,2022-10-09,0.34355903
Low-income countries,2022-10-10,0.36567912
Low-income countries,2022-10-11,0.33598638
Low-income countries,2022-10-12,0.33897558
Low-income countries,2022-10-13,0.32422885
Low-income countries,2022-10-14,0.30689147
Low-income countries,2022-10-15,0.29174617
Low-income countries,2022-10-16,0.29732603
Low-income countries,2022-10-17,0.2793908
Low-income countries,2022-10-18,0.29911953
Low-income countries,2022-10-19,0.29214475
Low-income countries,2022-10-20,0.32303315
Low-income countries,2022-10-21,0.339972
Low-income countries,2022-10-22,0.30370298
Low-income countries,2022-10-23,0.30988067
Low-income countries,2022-10-24,0.31585908
Low-income countries,2022-10-25,0.31805116
Low-income countries,2022-10-26,0.31207275
Low-income countries,2022-10-27,0.27899224
Low-income countries,2022-10-28,0.27978936
Low-income countries,2022-10-29,0.2865649
Low-income countries,2022-10-30,0.27141958
Low-income countries,2022-10-31,0.28855768
Low-income countries,2022-11-01,0.27460808
Low-income countries,2022-11-02,0.272416
Low-income countries,2022-11-03,0.27401024
Low-income countries,2022-11-04,0.2781951
Low-income countries,2022-11-05,0.2985217
Low-income countries,2022-11-06,0.3325986
Low-income countries,2022-11-07,0.32004395
Low-income countries,2022-11-08,0.33299717
Low-income countries,2022-11-09,0.3355878
Low-income countries,2022-11-10,0.35312447
Low-income countries,2022-11-11,0.36647624
Low-income countries,2022-11-12,0.3658784
Low-income countries,2022-11-13,0.3589036
Low-income countries,2022-11-14,0.34654823
Low-income countries,2022-11-15,0.32980868
Low-income countries,2022-11-16,0.33100438
Low-income countries,2022-11-17,0.32104036
Low-income countries,2022-11-18,0.30928284
Low-income countries,2022-11-19,0.3228339
Low-income countries,2022-11-20,0.33498996
Low-income countries,2022-11-21,0.3276166
Low-income countries,2022-11-22,0.33279788
Low-income countries,2022-11-23,0.32363102
Low-income countries,2022-11-24,0.28497064
Low-income countries,2022-11-25,0.27799585
Low-income countries,2022-11-26,0.27122033
Low-income countries,2022-11-27,0.29114833
Low-income countries,2022-11-28,0.37345105
Low-income countries,2022-11-29,0.36229137
Low-income countries,2022-11-30,0.3475446
Low-income countries,2022-12-01,0.37285322
Low-income countries,2022-12-02,0.37464672
Low-income countries,2022-12-03,0.3971654
Low-income countries,2022-12-04,0.406133
Low-income countries,2022-12-05,0.46013793
Low-income countries,2022-12-06,0.44459406
Low-income countries,2022-12-07,0.45894223
Low-income countries,2022-12-08,0.45455807
Low-income countries,2022-12-09,0.44798183
Low-income countries,2022-12-10,0.47289187
Low-income countries,2022-12-11,0.42566246
Low-income countries,2022-12-12,0.3479432
Low-income countries,2022-12-13,0.36149424
Low-income countries,2022-12-14,0.37026256
Low-income countries,2022-12-15,0.35153022
Low-income countries,2022-12-16,0.4031438
Low-income countries,2022-12-17,0.41968405
Low-income countries,2022-12-18,0.4151006
Low-income countries,2022-12-19,0.39258194
Low-income countries,2022-12-20,0.3971654
Low-income countries,2022-12-21,0.39975604
Low-income countries,2022-12-22,0.43164086
Low-income countries,2022-12-23,0.40334308
Low-income countries,2022-12-24,0.34316045
Low-income countries,2022-12-25,0.4081258
Low-income countries,2022-12-26,0.43164086
Low-income countries,2022-12-27,0.42347038
Low-income countries,2022-12-28,0.42546317
Low-income countries,2022-12-29,0.42366967
Low-income countries,2022-12-30,0.42944878
Low-income countries,2022-12-31,0.41669485
Low-income countries,2023-01-01,0.3708604
Low-income countries,2023-01-02,0.36647624
Low-income countries,2023-01-03,0.36528057
Low-income countries,2023-01-04,0.35870433
Low-income countries,2023-01-05,0.34216407
Low-income countries,2023-01-06,0.31306916
Low-income countries,2023-01-07,0.33459142
Low-income countries,2023-01-08,0.2997174
Low-income countries,2023-01-09,0.28417352
Low-income countries,2023-01-10,0.27719873
Low-income countries,2023-01-11,0.27759728
Low-income countries,2023-01-12,0.27799585
Low-income countries,2023-01-13,0.26524192
Low-income countries,2023-01-14,0.22379163
Low-income countries,2023-01-15,0.22239667
Low-income countries,2023-01-16,0.30988067
Low-income countries,2023-01-17,0.3043008
Low-income countries,2023-01-18,0.28417352
Low-income countries,2023-01-19,0.26902825
Low-income countries,2023-01-20,0.26683617
Low-income countries,2023-01-21,0.25886494
Low-income countries,2023-01-22,0.25806782
Low-income countries,2023-01-23,0.24172685
Low-income countries,2023-01-24,0.432438
Low-income countries,2023-01-25,0.42984733
Low-income countries,2023-01-26,0.43941277
Low-income countries,2023-01-27,0.4342315
Low-income countries,2023-01-28,0.4302459
Low-income countries,2023-01-29,0.44240198
Low-income countries,2023-01-30,0.38839707
Low-income countries,2023-01-31,0.19688882
Low-income countries,2023-02-01,0.1990809
Low-income countries,2023-02-02,0.19011329
Low-income countries,2023-02-03,0.2130305
Low-income countries,2023-02-04,0.22140028
Low-income countries,2023-02-05,0.22339308
Low-income countries,2023-02-06,0.19808449
Low-income countries,2023-02-07,0.19409889
Low-income countries,2023-02-08,0.19589241
Low-income countries,2023-02-09,0.19848305
Low-income countries,2023-02-10,0.17536655
Low-income countries,2023-02-11,0.16739535
Low-income countries,2023-02-12,0.14965941
Low-income countries,2023-02-13,0.14866301
Low-income countries,2023-02-14,0.15145293
Low-income countries,2023-02-15,0.1468695
Low-income countries,2023-02-16,0.14128964
Low-income countries,2023-02-17,0.13929684
Low-income countries,2023-02-18,0.14208676
Low-income countries,2023-02-19,0.13511196
Low-income countries,2023-02-20,0.108806975
Low-income countries,2023-02-21,0.11319114
Low-income countries,2023-02-22,0.1145861
Low-income countries,2023-02-23,0.11518394
Low-income countries,2023-02-24,0.11020194
Low-income countries,2023-02-25,0.12534723
Low-income countries,2023-02-26,0.13012995
Low-income countries,2023-02-27,0.115981065
Low-income countries,2023-02-28,0.11378898
Low-income countries,2023-03-01,0.110799775
Low-income countries,2023-03-02,0.10541921
Low-income countries,2023-03-03,0.11538322
Low-income countries,2023-03-04,0.104024254
Low-income countries,2023-03-05,0.097248726
Low-income countries,2023-03-06,0.11518394
Low-income countries,2023-03-07,0.10800985
Low-income countries,2023-03-08,0.10980338
Low-income countries,2023-03-09,0.11378898
Low-income countries,2023-03-10,0.10741202
Low-income countries,2023-03-11,0.11418754
Low-income countries,2023-03-12,0.11637962
Low-income countries,2023-03-13,0.10482137
Low-income countries,2023-03-14,0.10601705
Low-income countries,2023-03-15,0.106614895
Low-income countries,2023-03-16,0.113390416
Low-income countries,2023-03-17,0.11916955
Low-income countries,2023-03-18,0.12474939
Low-income countries,2023-03-19,0.12594508
Low-income countries,2023-03-20,0.1548407
Low-income countries,2023-03-21,0.16739535
Low-income countries,2023-03-22,0.17197879
Low-income countries,2023-03-23,0.1759644
Low-income countries,2023-03-24,0.18453345
Low-income countries,2023-03-25,0.19748665
Low-income countries,2023-03-26,0.19330177
Low-income countries,2023-03-27,0.14786589
Low-income countries,2023-03-28,0.13989468
Low-income countries,2023-03-29,0.15025724
Low-income countries,2023-03-30,0.16360903
Low-income countries,2023-03-31,0.16719607
Low-income countries,2023-04-01,0.16440615
Low-income countries,2023-04-02,0.17217807
Low-income countries,2023-04-03,0.18313847
Low-income countries,2023-04-04,0.20625497
Low-income countries,2023-04-05,0.21761395
Low-income countries,2023-04-06,0.21801251
Low-income countries,2023-04-07,0.2192082
Low-income countries,2023-04-08,0.21781322
Low-income countries,2023-04-09,0.22259596
Low-income countries,2023-04-10,0.27122033
Low-income countries,2023-04-11,0.27719873
Low-income countries,2023-04-12,0.2766009
Low-income countries,2023-04-13,0.28238
Low-income countries,2023-04-14,0.2965289
Low-income countries,2023-04-15,0.31486267
Low-income countries,2023-04-16,0.32402956
Low-income countries,2023-04-17,0.31904757
Low-income countries,2023-04-18,0.34674752
Low-income countries,2023-04-19,0.34037054
Low-income countries,2023-04-20,0.37066114
Low-income countries,2023-04-21,0.36926615
Low-income countries,2023-04-22,0.3457511
Low-income countries,2023-04-23,0.3475446
Low-income countries,2023-04-24,0.30609435
Low-income countries,2023-04-25,0.24491534
Low-income countries,2023-04-26,0.23335709
Low-income countries,2023-04-27,0.18552984
Low-income countries,2023-04-28,0.21123698
Low-income countries,2023-04-29,0.2301686
Low-income countries,2023-04-30,0.22020459
Low-income countries,2023-05-01,0.2813836
Low-income countries,2023-05-02,0.33598638
Low-income countries,2023-05-03,0.3828172
Low-income countries,2023-05-04,0.44260126
Low-income countries,2023-05-05,0.4182891
Low-income countries,2023-05-06,0.39537185
Low-income countries,2023-05-07,0.4443948
Low-income countries,2023-05-08,0.51952344
Low-income countries,2023-05-09,0.5306831
Low-income countries,2023-05-10,0.5123493
Low-income countries,2023-05-11,0.48265657
Low-income countries,2023-05-12,0.4906278
Low-income countries,2023-05-13,0.5101572
Low-income countries,2023-05-14,0.45296383
Low-income countries,2023-05-15,0.38221937
Low-income countries,2023-05-16,0.3638856
Low-income countries,2023-05-17,0.36826977
Low-income countries,2023-05-18,0.3630885
Low-income countries,2023-05-19,0.35631296
Low-income countries,2023-05-20,0.34714606
Low-income countries,2023-05-21,0.3407691
Low-income countries,2023-05-22,0.2995181
Low-income countries,2023-05-23,0.28238
Low-income countries,2023-05-24,0.26085776
Low-income countries,2023-05-25,0.26504263
Low-income countries,2023-05-26,0.25169086
Low-income countries,2023-05-27,0.24152757
Low-income countries,2023-05-28,0.23853837
Low-income countries,2023-05-29,0.2766009
Low-income countries,2023-05-30,0.2676333
Low-income countries,2023-05-31,0.26384696
Low-income countries,2023-06-01,0.34555182
Low-income countries,2023-06-02,0.33160222
Low-income countries,2023-06-03,0.32701877
Low-income countries,2023-06-04,0.3278159
Low-income countries,2023-06-05,0.30908355
Low-income countries,2023-06-06,0.29812315
Low-income countries,2023-06-07,0.29174617
Low-income countries,2023-06-08,0.17815648
Low-income countries,2023-06-09,0.17676151
Low-income countries,2023-06-10,0.17317447
Low-income countries,2023-06-11,0.17018527
Low-income countries,2023-06-12,0.12574579
Low-income countries,2023-06-13,0.13192348
Low-income countries,2023-06-14,0.120763786
Low-income countries,2023-06-15,0.11677818
Low-income countries,2023-06-16,0.1096041
Low-income countries,2023-06-17,0.10581777
Low-income countries,2023-06-18,0.106415614
Low-income countries,2023-06-19,0.14109036
Low-income countries,2023-06-20,0.122955866
Low-income countries,2023-06-21,0.120564505
Low-income countries,2023-06-22,0.11737602
Low-income countries,2023-06-23,0.115981065
Low-income countries,2023-06-24,0.104422815
Low-income countries,2023-06-25,0.10282857
Low-income countries,2023-06-26,0.061976135
Low-income countries,2023-06-27,0.06576246
Low-income countries,2023-06-28,0.06357037
Low-income countries,2023-06-29,0.054204207
Low-income countries,2023-06-30,0.050417885
Low-income countries,2023-07-01,0.13710476
Low-income countries,2023-07-02,0.13750333
Low-income countries,2023-07-03,0.16659823
Low-income countries,2023-07-04,0.15822846
Low-income countries,2023-07-05,0.15603638
Low-income countries,2023-07-06,0.19250464
Low-income countries,2023-07-07,0.19589241
Low-income countries,2023-07-08,0.10721274
Low-income countries,2023-07-09,0.10820913
Low-income countries,2023-07-10,0.06317182
Low-income countries,2023-07-11,0.06795454
Low-income countries,2023-07-12,0.06715742
Low-income countries,2023-07-13,0.035671152
Low-income countries,2023-07-14,0.039457474
Low-income countries,2023-07-15,0.040653154
Low-income countries,2023-07-16,0.040653154
Low-income countries,2023-07-17,0.04703012
Low-income countries,2023-07-18,0.04683084
Low-income countries,2023-07-19,0.053407088
Low-income countries,2023-07-20,0.055200607
Low-income countries,2023-07-21,0.05460277
Low-income countries,2023-07-22,0.05500133
Low-income countries,2023-07-23,0.05460277
Low-income countries,2023-07-24,0.054403488
Low-income countries,2023-07-25,0.05699413
Low-income countries,2023-07-26,0.055399887
Low-income countries,2023-07-27,0.051015723
Low-income countries,2023-07-28,0.04802652
Low-income countries,2023-07-29,0.050417885
Low-income countries,2023-07-30,0.04942148
Low-income countries,2023-07-31,0.04483804
Low-income countries,2023-08-01,0.061976135
Low-income countries,2023-08-02,0.06257398
Low-income countries,2023-08-03,0.06596174
Low-income countries,2023-08-04,0.06895094
Low-income countries,2023-08-05,0.07114302
Low-income countries,2023-08-06,0.07114302
Low-income countries,2023-08-07,0.06576246
Low-income countries,2023-08-08,0.21043986
Low-income countries,2023-08-09,0.20884563
Low-income countries,2023-08-10,0.21123698
Low-income countries,2023-08-11,0.21382762
Low-income countries,2023-08-12,0.21163554
Low-income countries,2023-08-13,0.21163554
Low-income countries,2023-08-14,0.21482404
Low-income countries,2023-08-15,0.10462209
Low-income countries,2023-08-16,0.10502065
Low-income countries,2023-08-17,0.097049445
Low-income countries,2023-08-18,0.095056646
Low-income countries,2023-08-19,0.09425952
Low-income countries,2023-08-20,0.09425952
Low-income countries,2023-08-21,0.08628832
Low-income countries,2023-08-22,0.051015723
Low-income countries,2023-08-23,0.050816443
Low-income countries,2023-08-24,0.05719341
Low-income countries,2023-08-25,0.05659557
Low-income countries,2023-08-26,0.057990532
Low-income countries,2023-08-27,0.05878765
Low-income countries,2023-08-28,0.080708474
Low-income countries,2023-08-29,0.07433151
Low-income countries,2023-08-30,0.073932946
Low-income countries,2023-08-31,0.07492935
Low-income countries,2023-09-01,0.07473007
Low-income countries,2023-09-02,0.07871567
Low-income countries,2023-09-03,0.07791855
Low-income countries,2023-09-04,0.05739269
Low-income countries,2023-09-05,0.1317242
Low-income countries,2023-09-06,0.1317242
Low-income countries,2023-09-07,0.12973139
Low-income countries,2023-09-08,0.13252132
Low-income countries,2023-09-09,0.12813716
Low-income countries,2023-09-10,0.12933284
Low-income countries,2023-09-11,0.12674218
Low-income countries,2023-09-12,0.058986932
Low-income countries,2023-09-13,0.05659557
Low-income countries,2023-09-14,0.05360637
Low-income countries,2023-09-15,0.05719341
Low-income countries,2023-09-16,0.054004926
Low-income countries,2023-09-17,0.05460277
Low-income countries,2023-09-18,0.05460277
Low-income countries,2023-09-19,0.04643228
Low-income countries,2023-09-20,0.0482258
Low-income countries,2023-09-21,0.054403488
Low-income countries,2023-09-22,0.051414285
Low-income countries,2023-09-23,0.05360637
Low-income countries,2023-09-24,0.052211408
Low-income countries,2023-09-25,0.055200607
Low-income countries,2023-09-26,0.11319114
Low-income countries,2023-09-27,0.1115969
Low-income countries,2023-09-28,0.1125933
Low-income countries,2023-09-29,0.10980338
Low-income countries,2023-09-30,0.1145861
Low-income countries,2023-10-01,0.1145861
Low-income countries,2023-10-02,0.16022126
Low-income countries,2023-10-03,0.090074636
Low-income countries,2023-10-04,0.097049445
Low-income countries,2023-10-05,0.09625232
Low-income countries,2023-10-06,0.099042244
Low-income countries,2023-10-07,0.09804585
Low-income countries,2023-10-08,0.09784657
Low-income countries,2023-10-09,0.09425952
Low-income countries,2023-10-10,0.09864368
Low-income countries,2023-10-11,0.09306384
Low-income countries,2023-10-12,0.09565448
Low-income countries,2023-10-13,0.09884296
Low-income countries,2023-10-14,0.09784657
Low-income countries,2023-10-15,0.09844441
Low-income countries,2023-10-16,0.07951279
Low-income countries,2023-10-17,0.07751999
Low-income countries,2023-10-18,0.07951279
Low-income countries,2023-10-19,0.07473007
Low-income countries,2023-10-20,0.075726464
Low-income countries,2023-10-21,0.07971207
Low-income countries,2023-10-22,0.07931351
Low-income countries,2023-10-23,0.08389695
Low-income countries,2023-10-24,0.08967608
Low-income countries,2023-10-25,0.095255926
Low-income countries,2023-10-26,0.10362569
Low-income countries,2023-10-27,0.10043721
Low-income countries,2023-10-28,0.09844441
Low-income countries,2023-10-29,0.10382497
Low-income countries,2023-10-30,0.106814176
Low-income countries,2023-10-31,0.10362569
Low-income countries,2023-11-01,0.101632886
Low-income countries,2023-11-02,0.09764729
Low-income countries,2023-11-03,0.097049445
Low-income countries,2023-11-04,0.10063649
Low-income countries,2023-11-05,0.09625232
Low-income countries,2023-11-06,0.08210343
Low-income countries,2023-11-07,0.0894768
Low-income countries,2023-11-08,0.09107104
Low-income countries,2023-11-09,0.08907824
Low-income countries,2023-11-10,0.09186816
Low-income countries,2023-11-11,0.0904732
Low-income countries,2023-11-12,0.08927752
Low-income countries,2023-11-13,0.09565448
Low-income countries,2023-11-14,0.092665285
Low-income countries,2023-11-15,0.092665285
Low-income countries,2023-11-16,0.097248726
Low-income countries,2023-11-17,0.09844441
Low-income countries,2023-11-18,0.10083577
Low-income countries,2023-11-19,0.10083577
Low-income countries,2023-11-20,0.104223534
Low-income countries,2023-11-21,0.09884296
Low-income countries,2023-11-22,0.095255926
Low-income countries,2023-11-23,0.09226672
Low-income countries,2023-11-24,0.08668688
Low-income countries,2023-11-25,0.08030991
Low-income countries,2023-11-26,0.080708474
Low-income countries,2023-11-27,0.08887896
Low-income countries,2023-11-28,0.09226672
Low-income countries,2023-11-29,0.09326312
Low-income countries,2023-11-30,0.08967608
Low-income countries,2023-12-01,0.08828112
Low-income countries,2023-12-02,0.08927752
Low-income countries,2023-12-03,0.08867968
Low-income countries,2023-12-04,0.08030991
Low-income countries,2023-12-05,0.06795454
Low-income countries,2023-12-06,0.057990532
Low-income countries,2023-12-07,0.049222205
Low-income countries,2023-12-08,0.042048115
Low-income countries,2023-12-09,0.032283388
Low-income countries,2023-12-10,0.032283388
Low-income countries,2023-12-11,0.07911423
Low-income countries,2023-12-12,0.07911423
Low-income countries,2023-12-13,0.07911423
Low-income countries,2023-12-14,0.07911423
Low-income countries,2023-12-15,0.07911423
Low-income countries,2023-12-16,0.07911423
Low-income countries,2023-12-17,0.07911423
Low-income countries,2023-12-18,0.08050919
Low-income countries,2023-12-19,0.08050919
Low-income countries,2023-12-20,0.08050919
Low-income countries,2023-12-21,0.08050919
Low-income countries,2023-12-22,0.08050919
Low-income countries,2023-12-23,0.08050919
Low-income countries,2023-12-24,0.08050919
Low-income countries,2023-12-25,0.06317182
Low-income countries,2023-12-26,0.06317182
Low-income countries,2023-12-27,0.06317182
Low-income countries,2023-12-28,0.06317182
Low-income countries,2023-12-29,0.06317182
Low-income countries,2023-12-30,0.06317182
Low-income countries,2023-12-31,0.06317182
Low-income countries,2024-01-01,0.075925745
Low-income countries,2024-01-02,0.075925745
Low-income countries,2024-01-03,0.075925745
Low-income countries,2024-01-04,0.075925745
Low-income countries,2024-01-05,0.075925745
Low-income countries,2024-01-06,0.075925745
Low-income countries,2024-01-07,0.075925745
Low-income countries,2024-01-08,0.08927752
Low-income countries,2024-01-09,0.08927752
Low-income countries,2024-01-10,0.08927752
Low-income countries,2024-01-11,0.08927752
Low-income countries,2024-01-12,0.08927752
Low-income countries,2024-01-13,0.08927752
Low-income countries,2024-01-14,0.08927752
Low-income countries,2024-01-15,0.08150559
Low-income countries,2024-01-16,0.08150559
Low-income countries,2024-01-17,0.08150559
Low-income countries,2024-01-18,0.08150559
Low-income countries,2024-01-19,0.08150559
Low-income countries,2024-01-20,0.08150559
Low-income countries,2024-01-21,0.08150559
Low-income countries,2024-01-22,0.08828112
Low-income countries,2024-01-23,0.08828112
Low-income countries,2024-01-24,0.08828112
Low-income countries,2024-01-25,0.08828112
Low-income countries,2024-01-26,0.08828112
Low-income countries,2024-01-27,0.08828112
Low-income countries,2024-01-28,0.08828112
Low-income countries,2024-01-29,0.07712143
Low-income countries,2024-01-30,0.07712143
Low-income countries,2024-01-31,0.07712143
Low-income countries,2024-02-01,0.07712143
Low-income countries,2024-02-02,0.07712143
Low-income countries,2024-02-03,0.07712143
Low-income countries,2024-02-04,0.07712143
Low-income countries,2024-02-05,0.078117825
Low-income countries,2024-02-06,0.078117825
Low-income countries,2024-02-07,0.078117825
Low-income countries,2024-02-08,0.078117825
Low-income countries,2024-02-09,0.078117825
Low-income countries,2024-02-10,0.078117825
Low-income countries,2024-02-11,0.078117825
Low-income countries,2024-02-12,0.061179012
Low-income countries,2024-02-13,0.061179012
Low-income countries,2024-02-14,0.061179012
Low-income countries,2024-02-15,0.061179012
Low-income countries,2024-02-16,0.061179012
Low-income countries,2024-02-17,0.061179012
Low-income countries,2024-02-18,0.061179012
Low-income countries,2024-02-19,0.073733665
Low-income countries,2024-02-20,0.073733665
Low-income countries,2024-02-21,0.073733665
Low-income countries,2024-02-22,0.073733665
Low-income countries,2024-02-23,0.073733665
Low-income countries,2024-02-24,0.073733665
Low-income countries,2024-02-25,0.073733665
Low-income countries,2024-02-26,0.06775526
Low-income countries,2024-02-27,0.06775526
Low-income countries,2024-02-28,0.06775526
Low-income countries,2024-02-29,0.06775526
Low-income countries,2024-03-01,0.06775526
Low-income countries,2024-03-02,0.06775526
Low-income countries,2024-03-03,0.06775526
Low-income countries,2024-03-04,0.042247396
Low-income countries,2024-03-05,0.042247396
Low-income countries,2024-03-06,0.042247396
Low-income countries,2024-03-07,0.042247396
Low-income countries,2024-03-08,0.042247396
Low-income countries,2024-03-09,0.042247396
Low-income countries,2024-03-10,0.042247396
Low-income countries,2024-03-11,0.064168215
Low-income countries,2024-03-12,0.064168215
Low-income countries,2024-03-13,0.064168215
Low-income countries,2024-03-14,0.064168215
Low-income countries,2024-03-15,0.064168215
Low-income countries,2024-03-16,0.064168215
Low-income countries,2024-03-17,0.064168215
Low-income countries,2024-03-18,0.04563516
Low-income countries,2024-03-19,0.04563516
Low-income countries,2024-03-20,0.04563516
Low-income countries,2024-03-21,0.04563516
Low-income countries,2024-03-22,0.04563516
Low-income countries,2024-03-23,0.04563516
Low-income countries,2024-03-24,0.04563516
Low-income countries,2024-03-25,0.053207807
Low-income countries,2024-03-26,0.053207807
Low-income countries,2024-03-27,0.053207807
Low-income countries,2024-03-28,0.053207807
Low-income countries,2024-03-29,0.053207807
Low-income countries,2024-03-30,0.053207807
Low-income countries,2024-03-31,0.053207807
Low-income countries,2024-04-01,0.08270127
Low-income countries,2024-04-02,0.08270127
Low-income countries,2024-04-03,0.08270127
Low-income countries,2024-04-04,0.08270127
Low-income countries,2024-04-05,0.08270127
Low-income countries,2024-04-06,0.08270127
Low-income countries,2024-04-07,0.08270127
Low-income countries,2024-04-08,0.0894768
Low-income countries,2024-04-09,0.0894768
Low-income countries,2024-04-10,0.0894768
Low-income countries,2024-04-11,0.0894768
Low-income countries,2024-04-12,0.0894768
Low-income countries,2024-04-13,0.0894768
Low-income countries,2024-04-14,0.0894768
Low-income countries,2024-04-15,0.040852435
Low-income countries,2024-04-16,0.040852435
Low-income countries,2024-04-17,0.040852435
Low-income countries,2024-04-18,0.040852435
Low-income countries,2024-04-19,0.040852435
Low-income countries,2024-04-20,0.040852435
Low-income countries,2024-04-21,0.040852435
Low-income countries,2024-04-22,0.08449479
Low-income countries,2024-04-23,0.08449479
Low-income countries,2024-04-24,0.08449479
Low-income countries,2024-04-25,0.08449479
Low-income countries,2024-04-26,0.08449479
Low-income countries,2024-04-27,0.08449479
Low-income countries,2024-04-28,0.08449479
Low-income countries,2024-04-29,0.13690548
Low-income countries,2024-04-30,0.13690548
Low-income countries,2024-05-01,0.13690548
Low-income countries,2024-05-02,0.13690548
Low-income countries,2024-05-03,0.13690548
Low-income countries,2024-05-04,0.13690548
Low-income countries,2024-05-05,0.13690548
Low-income countries,2024-05-06,0.017935216
Low-income countries,2024-05-07,0.017935216
Low-income countries,2024-05-08,0.017935216
Low-income countries,2024-05-09,0.017935216
Low-income countries,2024-05-10,0.017935216
Low-income countries,2024-05-11,0.017935216
Low-income countries,2024-05-12,0.017935216
Low-income countries,2024-05-13,0.009366169
Low-income countries,2024-05-14,0.009366169
Low-income countries,2024-05-15,0.009366169
Low-income countries,2024-05-16,0.009366169
Low-income countries,2024-05-17,0.009366169
Low-income countries,2024-05-18,0.009366169
Low-income countries,2024-05-19,0.009366169
Low-income countries,2024-05-20,0.019728737
Low-income countries,2024-05-21,0.019728737
Low-income countries,2024-05-22,0.019728737
Low-income countries,2024-05-23,0.019728737
Low-income countries,2024-05-24,0.019728737
Low-income countries,2024-05-25,0.019728737
Low-income countries,2024-05-26,0.019728737
Low-income countries,2024-05-27,0.013750332
Low-income countries,2024-05-28,0.013750332
Low-income countries,2024-05-29,0.013750332
Low-income countries,2024-05-30,0.013750332
Low-income countries,2024-05-31,0.013750332
Low-income countries,2024-06-01,0.013750332
Low-income countries,2024-06-02,0.013750332
Low-income countries,2024-06-03,0.010960409
Low-income countries,2024-06-04,0.010960409
Low-income countries,2024-06-05,0.010960409
Low-income countries,2024-06-06,0.010960409
Low-income countries,2024-06-07,0.010960409
Low-income countries,2024-06-08,0.010960409
Low-income countries,2024-06-09,0.010960409
Low-income countries,2024-06-10,0.009366169
Low-income countries,2024-06-11,0.009366169
Low-income countries,2024-06-12,0.009366169
Low-income countries,2024-06-13,0.009366169
Low-income countries,2024-06-14,0.009366169
Low-income countries,2024-06-15,0.009366169
Low-income countries,2024-06-16,0.009366169
Low-income countries,2024-06-17,0.008170487
Low-income countries,2024-06-18,0.008170487
Low-income countries,2024-06-19,0.008170487
Low-income countries,2024-06-20,0.008170487
Low-income countries,2024-06-21,0.008170487
Low-income countries,2024-06-22,0.008170487
Low-income countries,2024-06-23,0.008170487
Low-income countries,2024-06-24,0.008967608
Low-income countries,2024-06-25,0.008967608
Low-income countries,2024-06-26,0.008967608
Low-income countries,2024-06-27,0.008967608
Low-income countries,2024-06-28,0.008967608
Low-income countries,2024-06-29,0.008967608
Low-income countries,2024-06-30,0.008967608
Low-income countries,2024-07-01,0.013750332
Low-income countries,2024-07-02,0.013750332
Low-income countries,2024-07-03,0.013750332
Low-income countries,2024-07-04,0.013750332
Low-income countries,2024-07-05,0.013750332
Low-income countries,2024-07-06,0.013750332
Low-income countries,2024-07-07,0.013750332
Low-income countries,2024-07-08,0.010960409
Low-income countries,2024-07-09,0.010960409
Low-income countries,2024-07-10,0.010960409
Low-income countries,2024-07-11,0.010960409
Low-income countries,2024-07-12,0.010960409
Low-income countries,2024-07-13,0.010960409
Low-income countries,2024-07-14,0.010960409
Low-income countries,2024-07-15,0.012156091
Low-income countries,2024-07-16,0.012156091
Low-income countries,2024-07-17,0.012156091
Low-income countries,2024-07-18,0.012156091
Low-income countries,2024-07-19,0.012156091
Low-income countries,2024-07-20,0.012156091
Low-income countries,2024-07-21,0.012156091
Low-income countries,2024-07-22,0.010163289
Low-income countries,2024-07-23,0.010163289
Low-income countries,2024-07-24,0.010163289
Low-income countries,2024-07-25,0.010163289
Low-income countries,2024-07-26,0.010163289
Low-income countries,2024-07-27,0.010163289
Low-income countries,2024-07-28,0.010163289
Low-income countries,2024-07-29,0.0009964008
Low-income countries,2024-07-30,0.0009964008
Low-income countries,2024-07-31,0.0009964008
Low-income countries,2024-08-01,0.0009964008
Low-income countries,2024-08-02,0.0009964008
Low-income countries,2024-08-03,0.0009964008
Low-income countries,2024-08-04,0.0009964008
Low-income countries,2024-08-05,0.0013949613
Low-income countries,2024-08-06,0.0013949613
Low-income countries,2024-08-07,0.0013949613
Low-income countries,2024-08-08,0.0013949613
Low-income countries,2024-08-09,0.0013949613
Low-income countries,2024-08-10,0.0013949613
Low-income countries,2024-08-11,0.0013949613
Low-income countries,2024-08-12,0.004583444
Low-income countries,2024-08-13,0.004583444
Low-income countries,2024-08-14,0.004583444
Low-income countries,2024-08-15,0.004583444
Low-income countries,2024-08-16,0.004583444
Low-income countries,2024-08-17,0.004583444
Low-income countries,2024-08-18,0.004583444
Low-income countries,2024-08-19,0.0021920819
Low-income countries,2024-08-20,0.0021920819
Low-income countries,2024-08-21,0.0021920819
Low-income countries,2024-08-22,0.0021920819
Low-income countries,2024-08-23,0.0021920819
Low-income countries,2024-08-24,0.0021920819
Low-income countries,2024-08-25,0.0021920819
Low-income countries,2024-08-26,0.0005978405
Low-income countries,2024-08-27,0.0005978405
Low-income countries,2024-08-28,0.0005978405
Low-income countries,2024-08-29,0.0005978405
Low-income countries,2024-08-30,0.0005978405
Low-income countries,2024-08-31,0.0005978405
Low-income countries,2024-09-01,0.0005978405
Low-income countries,2024-09-02,0.0005978405
Low-income countries,2024-09-03,0.0005978405
Low-income countries,2024-09-04,0.0005978405
Low-income countries,2024-09-05,0.0005978405
Low-income countries,2024-09-06,0.0005978405
Low-income countries,2024-09-07,0.0005978405
Low-income countries,2024-09-08,0.0005978405
Low-income countries,2024-09-09,0.0009964008
Low-income countries,2024-09-10,0.0009964008
Low-income countries,2024-09-11,0.0009964008
Low-income countries,2024-09-12,0.0009964008
Low-income countries,2024-09-13,0.0009964008
Low-income countries,2024-09-14,0.0009964008
Low-income countries,2024-09-15,0.0009964008
Low-income countries,2024-09-16,0.002391362
Low-income countries,2024-09-17,0.002391362
Low-income countries,2024-09-18,0.002391362
Low-income countries,2024-09-19,0.002391362
Low-income countries,2024-09-20,0.002391362
Low-income countries,2024-09-21,0.002391362
Low-income countries,2024-09-22,0.002391362
Low-income countries,2024-09-23,0.0039856033
Low-income countries,2024-09-24,0.0039856033
Low-income countries,2024-09-25,0.0039856033
Low-income countries,2024-09-26,0.0039856033
Low-income countries,2024-09-27,0.0039856033
Low-income countries,2024-09-28,0.0039856033
Low-income countries,2024-09-29,0.0039856033
Low-income countries,2024-09-30,0.0021920819
Low-income countries,2024-10-01,0.0021920819
Low-income countries,2024-10-02,0.0021920819
Low-income countries,2024-10-03,0.0021920819
Low-income countries,2024-10-04,0.0021920819
Low-income countries,2024-10-05,0.0021920819
Low-income countries,2024-10-06,0.0021920819
Low-income countries,2024-10-07,0.0037863234
Low-income countries,2024-10-08,0.0037863234
Low-income countries,2024-10-09,0.0037863234
Low-income countries,2024-10-10,0.0037863234
Low-income countries,2024-10-11,0.0037863234
Low-income countries,2024-10-12,0.0037863234
Low-income countries,2024-10-13,0.0037863234
Low-income countries,2024-10-14,0.0025906423
Low-income countries,2024-10-15,0.0025906423
Low-income countries,2024-10-16,0.0025906423
Low-income countries,2024-10-17,0.0025906423
Low-income countries,2024-10-18,0.0025906423
Low-income countries,2024-10-19,0.0025906423
Low-income countries,2024-10-20,0.0025906423
Low-income countries,2024-10-21,0.003387763
Low-income countries,2024-10-22,0.003387763
Low-income countries,2024-10-23,0.003387763
Low-income countries,2024-10-24,0.003387763
Low-income countries,2024-10-25,0.003387763
Low-income countries,2024-10-26,0.003387763
Low-income countries,2024-10-27,0.003387763
Low-income countries,2024-10-28,0.003387763
Low-income countries,2024-10-29,0.003387763
Low-income countries,2024-10-30,0.003387763
Low-income countries,2024-10-31,0.003387763
Low-income countries,2024-11-01,0.003387763
Low-income countries,2024-11-02,0.003387763
Low-income countries,2024-11-03,0.003387763
Low-income countries,2024-11-04,0.0013949613
Low-income countries,2024-11-05,0.0013949613
Low-income countries,2024-11-06,0.0013949613
Low-income countries,2024-11-07,0.0013949613
Low-income countries,2024-11-08,0.0013949613
Low-income countries,2024-11-09,0.0013949613
Low-income countries,2024-11-10,0.0013949613
Low-income countries,2024-11-11,0.0027899225
Low-income countries,2024-11-12,0.0027899225
Low-income countries,2024-11-13,0.0027899225
Low-income countries,2024-11-14,0.0027899225
Low-income countries,2024-11-15,0.0027899225
Low-income countries,2024-11-16,0.0027899225
Low-income countries,2024-11-17,0.0027899225
Low-income countries,2024-11-18,0.0041848836
Low-income countries,2024-11-19,0.0041848836
Low-income countries,2024-11-20,0.0041848836
Low-income countries,2024-11-21,0.0041848836
Low-income countries,2024-11-22,0.0041848836
Low-income countries,2024-11-23,0.0041848836
Low-income countries,2024-11-24,0.0041848836
Low-income countries,2024-11-25,0.002391362
Low-income countries,2024-11-26,0.002391362
Low-income countries,2024-11-27,0.002391362
Low-income countries,2024-11-28,0.002391362
Low-income countries,2024-11-29,0.002391362
Low-income countries,2024-11-30,0.002391362
Low-income countries,2024-12-01,0.002391362
Low-income countries,2024-12-02,0.005380565
Low-income countries,2024-12-03,0.005380565
Low-income countries,2024-12-04,0.005380565
Low-income countries,2024-12-05,0.005380565
Low-income countries,2024-12-06,0.005380565
Low-income countries,2024-12-07,0.005380565
Low-income countries,2024-12-08,0.005380565
Low-income countries,2024-12-09,0.009764728
Low-income countries,2024-12-10,0.009764728
Low-income countries,2024-12-11,0.009764728
Low-income countries,2024-12-12,0.009764728
Low-income countries,2024-12-13,0.009764728
Low-income countries,2024-12-14,0.009764728
Low-income countries,2024-12-15,0.009764728
Low-income countries,2024-12-16,0.0027899225
Low-income countries,2024-12-17,0.0027899225
Low-income countries,2024-12-18,0.0027899225
Low-income countries,2024-12-19,0.0027899225
Low-income countries,2024-12-20,0.0027899225
Low-income countries,2024-12-21,0.0027899225
Low-income countries,2024-12-22,0.0027899225
Low-income countries,2024-12-23,0.0013949613
Low-income countries,2024-12-24,0.0013949613
Low-income countries,2024-12-25,0.0013949613
Low-income countries,2024-12-26,0.0013949613
Low-income countries,2024-12-27,0.0013949613
Low-income countries,2024-12-28,0.0013949613
Low-income countries,2024-12-29,0.0013949613
Low-income countries,2024-12-30,0.0025906423
Low-income countries,2024-12-31,0.0025906423
Low-income countries,2025-01-01,0.0025906423
Low-income countries,2025-01-02,0.0025906423
Low-income countries,2025-01-03,0.0025906423
Low-income countries,2025-01-04,0.0025906423
Low-income countries,2025-01-05,0.0025906423
Low-income countries,2025-01-06,0.0039856033
Low-income countries,2025-01-07,0.0039856033
Low-income countries,2025-01-08,0.0039856033
Low-income countries,2025-01-09,0.0039856033
Low-income countries,2025-01-10,0.0039856033
Low-income countries,2025-01-11,0.0039856033
Low-income countries,2025-01-12,0.0039856033
Low-income countries,2025-01-13,0.0039856033
Low-income countries,2025-01-14,0.0039856033
Low-income countries,2025-01-15,0.0039856033
Low-income countries,2025-01-16,0.0039856033
Low-income countries,2025-01-17,0.0039856033
Low-income countries,2025-01-18,0.0039856033
Low-income countries,2025-01-19,0.0039856033
Low-income countries,2025-01-20,0.0031884827
Low-income countries,2025-01-21,0.0031884827
Low-income countries,2025-01-22,0.0031884827
Low-income countries,2025-01-23,0.0031884827
Low-income countries,2025-01-24,0.0031884827
Low-income countries,2025-01-25,0.0031884827
Low-income countries,2025-01-26,0.0031884827
Low-income countries,2025-01-27,0.0035870431
Low-income countries,2025-01-28,0.0035870431
Low-income countries,2025-01-29,0.0035870431
Low-income countries,2025-01-30,0.0035870431
Low-income countries,2025-01-31,0.0035870431
Low-income countries,2025-02-01,0.0035870431
Low-income countries,2025-02-02,0.0035870431
Low-income countries,2025-02-03,0.006775526
Low-income countries,2025-02-04,0.006775526
Low-income countries,2025-02-05,0.006775526
Low-income countries,2025-02-06,0.006775526
Low-income countries,2025-02-07,0.006775526
Low-income countries,2025-02-08,0.006775526
Low-income countries,2025-02-09,0.006775526
Low-income countries,2025-02-10,0.002391362
Low-income countries,2025-02-11,0.002391362
Low-income countries,2025-02-12,0.002391362
Low-income countries,2025-02-13,0.002391362
Low-income countries,2025-02-14,0.002391362
Low-income countries,2025-02-15,0.002391362
Low-income countries,2025-02-16,0.002391362
Low-income countries,2025-02-17,0.0015942414
Low-income countries,2025-02-18,0.0015942414
Low-income countries,2025-02-19,0.0015942414
Low-income countries,2025-02-20,0.0015942414
Low-income countries,2025-02-21,0.0015942414
Low-income countries,2025-02-22,0.0015942414
Low-income countries,2025-02-23,0.0015942414
